<?xml version="1.0" encoding="UTF-8"?>

<SETTINGS>
  <INFO>
    <VERSION>0.4.4.1</VERSION>
    <PLUGIN_API_VERSION>5</PLUGIN_API_VERSION>
    <DATE>29 Jan 2019 18:20:11</DATE>
    <OS>Windows 8.0</OS>
    <MACHINE>DESKTOP-72TNSAH</MACHINE>
  </INFO>
  <AUDIO bufferSize="1024"/>
  <GLOBAL_TIMESTAMP selected_index="-1" selected_sub_index="-1163005939"/>
  <CONTROLPANEL isOpen="0" recordPath="C:\apps\open-ephys-plugin-GUI\Builds\VisualStudio2013\.\x64\Release64\bin"
                prependText="" appendText="" recordEngine="OPENEPHYS"/>
  <AUDIOEDITOR isMuted="0" volume="0" noiseGate="0"/>
  <RECORDENGINES>
    <ENGINE id="OPENEPHYS" name="Open Ephys">
      <PARAMETER id="0" type="bool" value="0"/>
      <PARAMETER id="1" type="bool" value="0"/>
      <PARAMETER id="2" type="string" value="CH"/>
    </ENGINE>
    <ENGINE id="RAWBINARY" name="Binary">
      <PARAMETER id="0" type="bool" value="1"/>
    </ENGINE>
    <ENGINE id="KWIK" name="Kwik"/>
    <ENGINE id="NWB" name="NWB">
      <PARAMETER id="0" type="string" value=""/>
    </ENGINE>
  </RECORDENGINES>
  <PROCESSORLIST>
    <COLOR ID="801" R="59" G="59" B="59"/>
    <COLOR ID="804" R="241" G="90" B="41"/>
    <COLOR ID="802" R="0" G="174" B="239"/>
    <COLOR ID="803" R="0" G="166" B="81"/>
    <COLOR ID="805" R="147" G="149" B="152"/>
  </PROCESSORLIST>
  <UICOMPONENT isProcessorListOpen="1" isEditorViewportOpen="1"/>
</SETTINGS>
